"country","iso2","year","g_whoregion","dc_shortform","dc_ppm_display","dc_engage_community_display","caseb_err_nat","digital_adherence_support","hcw_tb_infected","hcw_tot","igra_used","tst_used","tbst_used","m_wrd_tests_performed","m_wrd_tests_positive","dx_test_sites","smear","culture","m_wrd","m_inh","m_fq","dst_naat_pza","dst_moxlev","dst_bdq","dst_lzd","iso15189_accredited","qms_pending","lmis","m_wrd_etrans","priv_new_dx","pub_new_dx","bmu","bmu_community_impl","community_data_available","bmu_ref_data","notified_ref","notified_ref_community","bmu_rxsupport_data","bmu_rxsupport_data_coh","rxsupport_community_coh","rxsupport_community_succ","annual_report_published","ms_review","ms_review_civil_soc","min_agg_collab","min_def_collab","min_edu_collab","min_fin_collab","min_jus_collab","min_lab_collab","min_dev_collab","min_tra_collab","other_min_collab","social_protn","free_access_tbdx","free_access_tbtx","enable_tx_adherence","cash_trans","food_security","other_social_protn","protect_employment","protect_housing","protect_parenting","protect_movement","protect_association"
"Afghanistan","AF",2022,EMR,0,1,1,0,,,,0,1,0,91670,21387,877,877,4,77,2,2,1,3,0,0,0,0,0,0,5886,5886,877,877,1,877,2681,2681,852,2860,1800,1710,1,0,,6,231,230,6,6,6,6,6,"Ministries not engaged, except ministry of education some extent engaged in education about tuberculosis.",,,,,,,"",,,,,
"Albania","AL",2022,EUR,1,0,0,42,,,,1,1,0,1705,188,12,12,1,1,1,0,1,0,0,0,0,0,0,0,,,,,,,,,,,,,1,1,1,6,231,231,231,231,231,231,6,"",,,,,,,"",,,,,
"Algeria","DZ",2022,AFR,0,0,0,44,,,,1,1,0,,,,,,,,,,,,,,,,,,,,,,,,,,,,,1,1,0,230,232,230,232,230,232,230,230,"",,,,,,,"",,,,,
"American Samoa","AS",2022,WPR,1,0,0,,,,,,,,,,,,,,,,,,,,,,,,,,,,,,,,,,,,,,,,,,,,,,,"",,,,,,,"",,,,,
"Andorra","AD",2022,EUR,1,0,0,,,,,,,,,,,,,,,,,,,,,,,,,,,,,,,,,,,,,,,,,,,,,,,"",,,,,,,"",,,,,
"Angola","AO",2022,AFR,0,1,1,0,,101,94848,0,1,0,7699,589,174,174,1,27,0,0,0,0,0,0,0,2,0,0,,,155,26,1,22,16162,858,0,13376,13376,11225,1,0,,2,231,2,2,2,2,2,2,"",1,1,1,0,0,0,"",3,1,3,1,1
"Anguilla","AI",2022,AMR,1,0,0,42,,,,,1,,0,,0,0,0,0,0,0,0,0,0,0,0,,0,,,,,,,,,,,,,,0,0,,2,2,2,2,2,2,2,2,"",,,,,,,"",,,,,
"Antigua and Barbuda","AG",2022,AMR,1,0,0,42,,,,0,1,0,8,1,1,1,0,1,0,0,0,0,0,0,1,0,0,0,,,,,,,,,,,,,0,0,,2,2,2,2,2,2,2,2,"Usually, our TB surveillance network incorporates the Aids Secretariat and the Infectious Diseases Prevention Unit/Employee Health Dept. of our lone tertiary public health institution. Our nurse epidemiologists enlist the help of the district nurses",,,,,,,"",,,,,
"Argentina","AR",2022,AMR,0,0,1,42,,21,996000,3,1,3,11237,2356,593,592,113,18,3,3,2,2,1,2,0,1,335,0,,,,,0,,,,,,,,1,1,,2,2,2,,230,6,6,6,"Jefatura de gabinete. Programa El Estado en tu Barrio. Se realizó capacitación a 300 promotores territoriales",,,,,,,"",,,,,
"Armenia","AM",2022,EUR,0,0,0,42,,,,1,1,0,4300,365,16,15,1,12,1,1,1,1,1,1,0,0,0,0,,,,,,,,,,,,,0,1,0,6,6,230,231,231,6,232,6,"Coordination of   all actions taken in fretwork of TB   within inter-ministerial collaboration  is carried out through the official channels of the Ministry of  Health RA and through the
Country Coordination Mechanism .
In addition to the mentioned",,,,,,,"",,,,,
"Aruba","AW",2022,AMR,1,0,0,42,,,,3,3,3,,5,1,1,1,1,,,,,,,1,,1,1,,,,,,,,,,,,,0,0,,,,,,232,,,,"",,,,,,,"",,,,,
"Australia","AU",2022,WPR,1,0,0,,,,,,,,,,,,,,,,,,,,,,,,,,,,,,,,,,,,,,,,,,,,,,,"",,,,,,,"",,,,,
"Austria","AT",2022,EUR,1,0,0,,,,,,,,,,,,,,,,,,,,,,,,,,,,,,,,,,,,,,,,,,,,,,,"",,,,,,,"",,,,,
"Azerbaijan","AZ",2022,EUR,0,0,0,,,,,0,1,0,30052,,,,,,,,3,2,2,2,,,,,,,,,,,,,,,,,,,,,,,,,,,,"",,,,,,,"",,,,,
"Bahamas","BS",2022,AMR,1,0,0,42,,,,0,1,1,2,2,3,3,2,1,1,0,1,0,0,0,2,0,3,0,,,,,,,,,,,,,1,1,1,6,231,231,232,231,231,231,6,"The Ministry of National Security and Ministry of Education are also involved in advocacy, information, education and communication. Department of Social Services assists with patient support when necessary.",,,,,,,"",,,,,
"Bahrain","BH",2022,EMR,1,0,0,42,,,,,,,,,,,,,,,,,,,,,,,,,,,,,,,,,,,1,1,0,231,231,230,232,6,230,6,6,"",,,,,,,"",,,,,
"Bangladesh","BD",2022,SEA,0,1,1,44,,,,0,1,0,622858,68495,1799,1119,6,475,0,5,0,0,0,0,0,0,475,475,67583,67598,861,861,1,677,256099,123676,701,230832,166747,,1,1,1,6,6,6,231,6,6,231,6,"Engagement with ministry of Home for TB prevention and care in the prison.",1,1,1,1,0,0,"",1,1,1,1,1
"Barbados","BB",2022,AMR,1,0,0,,,,,,,,,,,,,,,,,,,,,,,,,,,,,,,,,,,,,,,,,,,,,,,"",,,,,,,"",,,,,
"Belarus","BY",2022,EUR,0,0,1,42,,30,183239,1,1,1,35093,2673,84,72,12,43,8,8,8,8,8,8,1,0,43,0,,,8,8,0,,,,,,,,1,0,,2,2,231,232,230,232,232,2,"",,,,,,,"",,,,,
"Belgium","BE",2022,EUR,1,0,0,,,,,,,,,,,,,,,,,,,,,,,,,,,,,,,,,,,,,,,,,,,,,,,"",,,,,,,"",,,,,
"Belize","BZ",2022,AMR,0,0,0,42,,,,1,1,3,724,67,7,7,0,7,1,1,0,0,0,0,0,0,7,7,,,,,,,,,,,,,0,0,,6,231,230,232,2,2,232,2,"",,,,,,,"",,,,,
"Benin","BJ",2022,AFR,0,0,1,0,,,,,,,,,92,92,1,30,1,1,0,0,0,0,0,1,30,30,,,89,89,0,,,,,,,,1,1,1,2,2,2,2,2,2,2,2,"",,,,,,,"",,,,,
"Bermuda","BM",2022,AMR,1,0,0,42,,,,1,1,0,0,0,1,1,1,0,0,0,0,0,0,0,1,0,1,0,,,,,,,,,,,,,0,0,,6,6,6,6,6,6,6,6,"",,,,,,,"",,,,,
"Bhutan","BT",2022,SEA,0,0,0,42,,8,2896,0,1,0,8415,699,46,46,1,11,2,1,0,0,0,0,0,1,46,11,,,,,,,,,,,,,1,1,0,2,2,230,232,2,2,2,2,"",,,,,,,"",,,,,
"Bolivia (Plurinational State of)","BO",2022,AMR,0,0,1,43,,78,,1,0,0,17729,5246,718,718,104,21,1,1,0,1,0,0,0,0,0,0,,,,,0,,,,,,,,0,0,,,230,,,,,,,"",,,,,,,"",,,,,
"Bosnia and Herzegovina","BA",2022,EUR,0,0,0,,,,,,,,,,,,,,,,,,,,,,,,,,,,,,,,,,,,,,,,,,,,,,,"",,,,,,,"",,,,,
"Botswana","BW",2022,AFR,0,0,1,,,,,,,,,,,,,,,,,,,,,,,,,,,,,,,,,,,,,,,,,,,,,,,"",,,,,,,"",,,,,
"Brazil","BR",2022,AMR,0,0,1,42,,1255,,1,1,0,540706,62833,2013,1489,288,236,11,9,5,7,1,1,7,20,685,236,,,5570,,0,,,,,,,,1,0,,6,231,230,6,231,6,230,6,"MoH has the primary responsibility for TB care and prevention. In 2022, joint operations were coordinated with Defense and Justice for TB control among immigrants and prisoners. An inter-ministerial committee was established by decree in 2023.",1,1,1,0,1,1,"Brazil has a government-run system for health and for social protection. Food security, cash transfers, and other social services are assumed as a right for any person in a high social vulnerability condition.",1,1,1,1,1
"British Virgin Islands","VG",2022,AMR,1,0,0,,,,,,,,,,,,,,,,,,,,,,,,,,,,,,,,,,,,,,,,,,,,,,,"",,,,,,,"",,,,,
"Brunei Darussalam","BN",2022,WPR,0,0,0,42,,3,,1,1,0,0,0,1,1,1,0,1,1,1,0,0,0,0,1,1,0,,,,,,,,,,,,,0,0,,2,6,6,232,6,231,232,2,"",,,,,,,"",,,,,
"Bulgaria","BG",2022,EUR,0,0,1,42,,,,1,1,0,358,170,33,33,30,8,4,1,4,1,1,1,,,30,8,,,30,12,0,,,,,,,,1,1,0,2,2,2,2,231,2,232,2,"",,,,,,,"",,,,,
"Burkina Faso","BF",2022,AFR,0,0,1,0,,59,28622,0,1,0,13793,2267,96,96,1,37,1,1,0,0,0,0,0,1,,0,,,110,110,1,110,7320,1430,110,7024,2216,1664,1,0,,6,231,230,232,231,231,230,6,"",,,,,,,"",,,,,
"Burundi","BI",2022,AFR,0,0,1,42,,,,0,0,0,6232,2118,220,220,1,29,0,0,0,0,0,0,0,9,220,29,,,18,18,1,18,7587,274,18,6874,164,159,1,0,,6,231,230,230,231,230,230,6,"Le nouveau Plan Stratégique TB 2023-2027 compte mettre en place un cadre multisectoriel de lutte contre la tuberculose.",,,,,,,"",,,,,
"Cabo Verde","CV",2022,AFR,0,0,0,0,,0,3675,0,1,0,1429,109,22,16,0,6,0,0,0,0,0,0,0,0,2,0,,,,,,,,,,,,,1,1,1,6,6,6,231,6,6,6,6,"The Country Coordinating Mechanism (CCM or ICN) is the national multi-sectoral and multi-stakeholder accountability and review mechanism, under high-level leadership, to monitor and review progress towards ending TB.",,,,,,,"",,,,,
"Cambodia","KH",2022,WPR,0,1,1,42,,,,3,3,3,133290,12663,218,218,5,86,,1,1,,0,0,,,,,3012,,103,89,1,89,28491,15720,,,,,1,1,1,6,231,230,230,6,230,230,6,"",,,,,,,"",,,,,
"Cameroon","CM",2022,AFR,0,0,1,44,,75,58744,0,0,0,80229,10898,310,306,2,73,2,2,0,0,0,0,1,1,2,26,,,327,98,1,98,1308,680,43,451,451,427,1,1,1,2,231,230,230,231,230,230,230,"",,,,,,,"",,,,,
"Canada","CA",2022,AMR,1,0,0,,,,,,,,,,,,,,,,,,,,,,,,,,,,,,,,,,,,,,,,,,,,,,,"",,,,,,,"",,,,,
"Cayman Islands","KY",2022,AMR,1,0,0,,,,,,,,,,,,,,,,,,,,,,,,,,,,,,,,,,,,,,,,,,,,,,,"",,,,,,,"",,,,,
"Central African Republic","CF",2022,AFR,0,0,1,0,,2,2998,1,0,0,7598,1436,85,85,1,35,1,1,0,0,0,0,0,1,2,0,,,89,89,1,89,14267,366,89,14374,321,297,0,1,1,2,231,231,230,231,231,231,2,"",0,,,,,,"",1,1,1,1,1
"Chad","TD",2022,AFR,0,0,0,43,,0,2,0,0,,16904,4236,112,112,0,,1,1,0,0,0,0,0,1,1,0,,,,,,,,,,,,,1,0,,6,231,6,231,231,6,6,6,"",,,,,,,"",,,,,
"Chile","CL",2022,AMR,0,0,0,,,,,1,1,,100512,2228,143,143,58,57,21,13,1,1,1,1,1,0,143,0,,,,,,,,,,,,,,,,,,,,,,,,"",,,,,,,"",,,,,
"China","CN",2022,WPR,0,0,0,42,,3253,13985363,1,1,1,759946,206036,2879,2879,2749,2634,314,129,35,525,50,50,1,15,,,,,,,,,,,,,,,1,1,1,230,230,230,231,232,230,232,230,"",1,1,1,1,1,1,"",1,1,1,1,1
"China, Hong Kong SAR","HK",2022,WPR,1,0,0,42,,,,,,,,,,,,,,,,,,,,,,,,,,,,,,,,,,,1,0,,2,2,230,231,231,230,232,6,"",,,,,,,"",,,,,
"China, Macao SAR","MO",2022,WPR,1,0,0,42,,,,,,,,,,,,,,,,,,,,,,,,,,,,,,,,,,,0,0,,2,2,2,2,2,2,2,2,"",,,,,,,"",,,,,
"Colombia","CO",2022,AMR,0,0,1,42,,284,699000,1,1,0,41677,4081,1600,1600,78,68,136,52,0,2,1,2,0,1,0,0,,,38,38,1,38,317,317,2,299,299,178,1,1,1,232,231,232,232,232,232,232,232,"",,,,,,,"",,,,,
"Comoros","KM",2022,AFR,1,0,0,,,,,,,,,,,,,,,,,,,,,,,,,,,,,,,,,,,,,,,,,,,,,,,"",,,,,,,"",,,,,
"Congo","CG",2022,AFR,0,0,1,42,,,,0,0,0,11609,216,87,87,0,3,0,0,0,0,0,0,0,87,0,0,,,45,2,1,2,13511,135,0,0,0,0,1,1,1,6,6,6,6,6,6,6,6,"",1,1,1,1,0,0,"",0,0,0,,0
"Cook Islands","CK",2022,WPR,1,0,0,42,,,,,,,,,,,,,,,,,,,,,,,,,,,,,,,,,,,0,0,,2,2,230,2,2,2,2,2,"",,,,,,,"",,,,,
"Costa Rica","CR",2022,AMR,0,0,0,0,,0,90072,1,1,0,7266,158,114,114,36,53,1,1,1,1,1,1,0,0,0,53,,,,,,,,,,,,,1,0,,2,2,2,2,231,2,2,2,"",,,,,,,"",,,,,
"Côte d'Ivoire","CI",2022,AFR,0,0,1,0,,93,,0,1,0,59131,11811,286,286,2,33,2,2,2,2,0,2,1,1,0,0,,,363,363,1,363,21829,7858,363,20729,18270,15669,1,1,1,6,231,231,6,231,6,6,6,"",,,,,,,"",,,,,
"Croatia","HR",2022,EUR,1,0,0,,,,,,,,,,,,,,,,,,,,,,,,,,,,,,,,,,,,,,,,,,,,,,,"",,,,,,,"",,,,,
"Cuba","CU",2022,AMR,0,0,0,42,,14,510781,0,1,0,1095,218,418,386,32,5,1,1,0,0,0,0,0,0,0,0,,,,,,,,,,,,,1,1,1,230,230,230,232,231,232,231,230,"	Instituto Nacional de Deportes, Educación Física y Recreación
	Comité de Defensa de la Revolución 
	Federación de Mujeres Cubanas
	Instituto de Información y Comunicación Social 
Promoción, información, educación y comunicación
",,,,,,,"",,,,,
"Curaçao","CW",2022,AMR,1,0,0,42,,,,1,1,0,5,5,2,1,1,2,,,,,,,2,0,2,2,,,,,,,,,,,,,0,1,1,2,2,2,231,2,2,232,2,"",,,,,,,"",,,,,
"Cyprus","CY",2022,EUR,1,0,0,,,,,,,,,,,,,,,,,,,,,,,,,,,,,,,,,,,,,,,,,,,,,,,"",,,,,,,"",,,,,
"Czechia","CZ",2022,EUR,1,0,0,,,,,,,,,,,,,,,,,,,,,,,,,,,,,,,,,,,,,,,,,,,,,,,"",,,,,,,"",,,,,
"Democratic People's Republic of Korea","KP",2022,SEA,0,0,0,,,,,,,,,,,,,,,,,,,,,,,,,,,,,,,,,,,,,,,,,,,,,,,"",,,,,,,"",,,,,
"Democratic Republic of the Congo","CD",2022,AFR,0,1,1,0,,19,,0,0,0,271488,32782,2132,2132,2,204,10,10,0,1,0,0,0,1,1,1,,,519,441,1,441,221419,81154,410,68468,64892,61111,1,0,,6,6,6,6,6,6,6,6,"",0,,,,,,"",0,0,0,0,0
"Denmark","DK",2022,EUR,1,0,0,,,,,,,,,,,,,,,,,,,,,,,,,,,,,,,,,,,,,,,,,,,,,,,"",,,,,,,"",,,,,
"Djibouti","DJ",2022,EMR,0,0,0,,,,,,,,,,,,,,,,,,,,,,,,,,,,,,,,,,,,,,,,,,,,,,,"",,,,,,,"",,,,,
"Dominica","DM",2022,AMR,1,0,0,42,,,,,1,,,0,1,1,0,1,0,0,0,0,0,0,0,0,1,1,,,,,,,,,,,,,0,0,,6,2,6,6,6,6,6,6,"",,,,,,,"",,,,,
"Dominican Republic","DO",2022,AMR,0,0,1,42,,74,,1,1,3,20718,1925,188,188,14,23,3,3,3,3,2,2,0,14,23,0,,,1600,549,1,549,546,,308,858,858,642,1,1,1,2,231,231,232,231,230,230,2,"El Gabinete de Coordinación de Política Social con los programas sociales de ayuda al paciente y el seguro nacional de salud.",,,,,,,"",,,,,
"Ecuador","EC",2022,AMR,0,0,1,0,,19,70000,1,1,3,28456,6454,275,272,23,27,4,4,1,1,0,0,0,0,0,24,,,2094,2094,0,,,,,,,,1,0,,6,6,6,6,2,6,232,6,"El país recién en el año 2023 estará conformando el equipo para la Respuesta Multisectorial frente a la TB, así como la elaboración del Mecanismo de Rendición de Cuentas.",,,,,,,"",,,,,
"Egypt","EG",2022,EMR,0,1,0,,,,,,,,,,,,,,,,,,,,,,,,,,,,,,,,,,,,,,,,,,,,,,,"",,,,,,,"",,,,,
"El Salvador","SV",2022,AMR,0,0,1,,,,,,,,,,,,,,,,,,,,,,,,,,,,,,,,,,,,,,,,,,,,,,,"",,,,,,,"",,,,,
"Equatorial Guinea","GQ",2022,AFR,0,0,0,44,,,,0,0,0,4511,1165,19,17,0,8,2,2,0,0,0,0,0,0,0,0,,,,,,,,,,,,,0,0,,6,6,6,6,231,6,6,6,"",,,,,,,"",,,,,
"Eritrea","ER",2022,AFR,0,0,1,0,,8,9890,0,1,0,1240,725,79,79,1,39,1,1,1,1,1,1,0,1,1,0,,,76,76,1,76,1963,45,76,1963,212,191,1,1,0,6,231,230,2,6,6,6,2,"",,,,,,,"",,,,,
"Estonia","EE",2022,EUR,0,0,0,42,,1,37419,1,1,0,3111,169,6,2,2,6,3,3,2,2,2,2,4,2,6,6,,,,,,,,,,,,,1,1,0,231,231,231,231,231,231,232,6,"Data of TB is published on website of Health Statistics and Health Research Database",,,,,,,"",,,,,
"Eswatini","SZ",2022,AFR,0,1,1,44,,,,,,,,,,,,,,,,,,,,,,,,,,,,,,,,,,,1,0,,6,231,231,230,6,232,232,6,"",,,,,,,"",,,,,
"Ethiopia","ET",2022,AFR,0,1,1,43,,,,0,0,0,350040,36781,3484,3484,8,346,8,8,8,1,1,1,26,2299,190,190,21398,,950,950,1,,115417,21702,950,115417,,16335,1,1,1,6,231,230,6,6,6,6,230,"",1,0,1,1,3,1,"",3,3,3,3,3
"Faroe Islands","FO",2022,EUR,1,0,0,,,,,,,,,,,,,,,,,,,,,,,,,,,,,,,,,,,,,,,,,,,,,,,"",,,,,,,"",,,,,
"Fiji","FJ",2022,WPR,0,0,0,44,,0,5764,0,1,0,519,59,4,4,1,3,1,1,0,0,0,0,0,4,4,3,,,,,,,,,,,,,1,0,,6,231,230,6,6,6,232,6,"",,,,,,,"",,,,,
"Finland","FI",2022,EUR,1,0,0,42,,,,1,1,0,,,10,9,9,9,2,2,1,1,1,1,10,0,10,9,,,,,,,,,,,,,1,0,,6,6,6,6,6,6,2,6,"",,,,,,,"",,,,,
"France","FR",2022,EUR,1,0,0,,,,,,,,,,,,,,,,,,,,,,,,,,,,,,,,,,,,,,,,,,,,,,,"",,,,,,,"",,,,,
"French Polynesia","PF",2022,WPR,1,0,0,43,,,,,,,,,,,,,,,,,,,,,,,,,,,,,,,,,,,1,1,0,6,2,6,6,2,6,6,6,"",,,,,,,"",,,,,
"Gabon","GA",2022,AFR,0,0,1,0,,,,0,0,0,10612,2316,30,27,1,11,4,4,1,0,0,0,0,1,1,1,,,35,6,0,,,,,,,,1,1,1,2,231,230,231,231,2,232,2,"",1,1,0,0,0,0,"",1,1,1,1,1
"Gambia","GM",2022,AFR,0,0,1,0,,,,0,0,0,4639,1040,37,37,1,16,1,1,1,1,0,0,0,0,0,0,,,50,50,0,,,,,,,,1,1,1,230,230,231,230,230,2,2,2,"",,,,,,,"",,,,,
"Georgia","GE",2022,EUR,0,0,1,,,,,,,,,,,,,,,,,,,,,,,,,,,,,,,,,,,,,,,,,,,,,,,"",,,,,,,"",,,,,
"Germany","DE",2022,EUR,1,0,0,42,,,,1,1,3,,,,,,,,,,,,,,,,,,,,,,,,,,,,,1,0,,6,6,6,6,6,6,6,6,"",,,,,,,"",,,,,
"Ghana","GH",2022,AFR,0,1,1,44,,12,45000,0,0,0,161781,12318,352,352,5,168,4,4,4,0,0,0,1,2,168,148,3096,2060,261,261,1,261,4886,4886,261,13550,13550,11590,1,1,1,2,2,230,232,2,2,232,2,"",,,,,,,"",,,,,
"Greece","GR",2022,EUR,1,0,0,,,,,,,,,,,,,,,,,,,,,,,,,,,,,,,,,,,,,,,,,,,,,,,"",,,,,,,"",,,,,
"Greenland","GL",2022,EUR,1,0,0,42,,,,1,1,,1881,102,8,1,1,8,,,,,,,0,0,8,8,,,,,,,,,,,,,1,1,0,6,6,6,6,6,6,6,6,"",,,,,,,"",,,,,
"Grenada","GD",2022,AMR,1,0,0,42,,,,0,1,0,0,0,1,1,0,1,0,0,0,0,0,0,0,1,1,1,,,,,,,,,,,,,0,0,,6,6,6,6,6,6,232,6,"",,,,,,,"",,,,,
"Guam","GU",2022,WPR,1,0,0,42,,,,,,,,,,,,,,,,,,,,,,,,,,,,,,,,,,,1,0,,2,2,230,2,2,2,2,2,"",,,,,,,"",,,,,
"Guatemala","GT",2022,AMR,0,0,1,42,,32,,1,1,0,20414,3725,310,310,9,21,1,1,1,1,0,0,0,1,1,1,,,345,270,1,1,2,2,0,0,0,0,0,0,,6,6,6,6,231,231,6,6,"",,,,,,,"",,,,,
"Guinea","GN",2022,AFR,0,0,1,42,,,,0,1,0,26831,7509,121,101,2,26,1,1,1,1,1,1,0,1,1,0,,,101,101,1,101,19652,3706,101,1428,1428,,1,0,,230,231,230,231,230,6,232,6,"",,,,,,,"",,,,,
"Guinea-Bissau","GW",2022,AFR,0,0,0,42,,,,0,0,0,12359,2818,26,26,1,22,4,4,0,0,0,0,0,1,0,0,,,,,,,,,,,,,0,0,,6,6,6,232,6,6,6,6,"",,,,,,,"",,,,,
"Guyana","GY",2022,AMR,0,0,1,42,,0,85,,1,,330,,21,16,1,1,,,,,,,,1,1,1,,,26,20,0,,,,,,,,0,1,1,230,230,230,232,230,230,232,231,"",,,,,,,"",,,,,
"Haiti","HT",2022,AMR,0,0,1,42,,5,16500,0,1,0,26529,5632,235,235,2,23,2,1,2,0,0,0,1,2,3,1,,,15,15,0,,,,,,,,1,1,0,6,2,6,231,231,231,6,2,"",,,,,,,"",,,,,
"Honduras","HN",2022,AMR,0,0,1,44,,12,27355,0,0,0,,,,,,,,,,,,,,,,,,,1808,,,,,,,,,,1,0,,2,2,2,2,2,2,2,2,"",,,,,,,"",,,,,
"Hungary","HU",2022,EUR,1,0,0,,,,,,,,,,,,,,,,,,,,,,,,,,,,,,,,,,,,,,,,,,,,,,,"",,,,,,,"",,,,,
"Iceland","IS",2022,EUR,1,0,0,,,,,,,,,,,,,,,,,,,,,,,,,,,,,,,,,,,,,,,,,,,,,,,"",,,,,,,"",,,,,
"India","IN",2022,SEA,0,1,1,,,,,,,,,,,,,,,,,,,,,,,,,,,,,,,,,,,,,,,,,,,,,,,"",,,,,,,"",,,,,
"Indonesia","ID",2022,SEA,0,1,1,42,,1105,1850926,1,1,0,2435362,345575,9255,9113,21,1947,7,7,12,12,12,12,7,15,8265,1797,198998,211260,514,297,1,297,620683,88304,190,302116,44606,33893,1,1,1,6,231,230,231,231,230,6,6,"1. Ministry of Public Works and Housing (Patient support including economic, sosial, or nutritional benefits)
2. Ministry of Religion (advocacy, information, education, and communication)

continue in remarks section..",1,1,1,1,1,0,"5.13.3 - Enablers for DR TB Treatment in the form of cash transfer.
",1,1,0,1,1
"Iran (Islamic Republic of)","IR",2022,EMR,0,1,0,42,,,,1,1,0,,,474,423,51,42,4,1,0,2,0,0,0,1,51,42,2483,4778,,,,,,,,,,,1,1,,6,231,230,231,231,231,231,6,"",,,,,,,"",,,,,
"Iraq","IQ",2022,EMR,0,1,0,44,,,,1,0,0,13231,2618,230,230,16,30,2,2,2,1,0,0,0,0,0,0,2830,2238,,,,,,,,,,,1,0,,6,6,6,6,6,6,6,6,"Most the ministries are engaged in TB partnership activities including some educational campaigns, exchange of information regarding diagnosed TB patients and some special activities related to TB in detection palaces activity",,,,,,,"",,,,,
"Ireland","IE",2022,EUR,1,0,0,42,,,,1,1,0,479,47,10,10,10,8,2,1,2,1,1,1,10,0,10,8,,,,,,,,,,,,,0,0,,2,2,6,6,231,6,232,6,"Agriculture is involved in the One Health response to TB, and managing zoonotic TB in animals.",,,,,,,"",,,,,
"Israel","IL",2022,EUR,1,0,0,,,,,,,,,,,,,,,,,,,,,,,,,,,,,,,,,,,,,,,,,,,,,,,"",,,,,,,"",,,,,
"Italy","IT",2022,EUR,1,0,0,,,,,,,,,,,,,,,,,,,,,,,,,,,,,,,,,,,,,,,,,,,,,,,"",,,,,,,"",,,,,
"Jamaica","JM",2022,AMR,0,0,0,44,,,,0,1,0,,,1,1,0,1,0,0,0,0,0,0,0,0,1,0,,,,,,,,,,,,,0,0,,2,2,2,2,2,2,2,2,"",,,,,,,"",,,,,
"Japan","JP",2022,WPR,1,0,0,,,,,,,,,,,,,,,,,,,,,,,,,,,,,,,,,,,,,,,,,,,,,,,"",,,,,,,"",,,,,
"Jordan","JO",2022,EMR,0,1,0,0,,3,,1,1,0,447,68,14,14,1,11,1,1,1,1,0,0,0,0,0,0,110,87,,,,,,,,,,,1,0,,6,2,230,232,232,231,232,6,"",,,,,,,"",,,,,
"Kazakhstan","KZ",2022,EUR,0,0,1,42,,4,7219,1,1,1,98056,9676,249,245,20,128,20,20,20,20,20,20,0,20,249,128,,,18,18,1,,,,,,,,,,,,,,,,,,,"",,,,,,,"",,,,,
"Kenya","KE",2022,AFR,0,1,1,42,,42,,1,0,0,230884,27496,2546,2245,2,302,4,4,0,1,1,1,2,0,2,302,17064,0,300,300,1,300,88663,10258,300,77375,403,341,1,1,1,232,231,230,232,230,230,230,231,"",1,1,1,1,1,1,"",1,1,1,1,1
"Kiribati","KI",2022,WPR,0,0,1,0,,3,940,0,1,0,1693,200,3,2,0,3,0,0,0,0,0,0,0,0,0,0,,,1,1,0,,,,,,,,1,0,,6,6,230,6,6,6,6,6,"upon request some ministries and private companies allows our Contact tracing nurses to visit and give awareness talk to the employees at the same time afterwards performs TST to them and return after 2 days for TST reading.",,,,,,,"",,,,,
"Kosovo","XA",2022,EUR,0,0,0,,,,,,,,,,,,,,,,,,,,,,,,,,,,,,,,,,,,,,,,,,,,,,,"",,,,,,,"",,,,,
"Kuwait","KW",2022,EMR,1,0,0,44,,,,,,,,,,,,,,,,,,,,,,,,,,,,,,,,,,,,,,,,,,,,,,"",,,,,,,"",,,,,
"Kyrgyzstan","KG",2022,EUR,0,0,1,0,,24,,1,1,1,27808,5918,89,89,7,25,1,1,1,1,1,1,1,88,89,25,,,15,15,0,,,,,,,,1,1,1,231,231,230,231,231,232,232,230,"",,,,,,,"",,,,,
"Lao People's Democratic Republic","LA",2022,WPR,0,0,1,42,,,,0,0,0,44633,6013,164,164,1,25,0,1,1,1,0,1,0,1,0,0,,,164,164,1,164,8583,417,,,,,0,0,,2,2,2,2,2,2,2,2,"",,,,,,,"",,,,,
"Latvia","LV",2022,EUR,0,0,0,,,,,,,,,,,,,,,,,,,,,,,,,,,,,,,,,,,,,,,,,,,,,,,"",,,,,,,"",,,,,
"Lebanon","LB",2022,EMR,0,1,0,44,,2,22638,1,1,0,1127,295,48,48,10,10,1,1,1,1,1,1,2,2,48,8,385,30,,,,,,,,,,,1,0,,6,231,231,2,231,231,6,6,"",,,,,,,"",,,,,
"Lesotho","LS",2022,AFR,0,0,1,0,,44,,1,0,0,45720,2751,33,27,1,33,1,1,1,1,1,1,2,7,18,18,,,10,10,1,10,5598,54,,,,,0,0,,6,6,230,6,231,230,6,6,"A multisectoral accountability framework is currently being developed and all these ministries are invited to participate",0,,,,,,"",3,3,3,3,3
"Liberia","LR",2022,AFR,0,0,1,,,,,,,,,,,,,,,,,,,,,,,,,,,,,,,,,,,,,,,,,,,,,,,"",,,,,,,"",,,,,
"Libya","LY",2022,EMR,0,0,0,0,,33,166280,,1,,,,,27,8,8,0,0,0,0,0,0,,,,,,,,,,,,,,,,,1,1,1,,,,,,,,,"",,,,,,,"",,,,,
"Lithuania","LT",2022,EUR,0,0,0,,,,,,,,,,,,,,,,,,,,,,,,,,,,,,,,,,,,,,,,,,,,,,,"",,,,,,,"",,,,,
"Luxembourg","LU",2022,EUR,1,0,0,42,,,,1,1,0,0,,1,1,1,0,1,0,1,0,0,0,1,0,1,0,,,,,,,,,,,,,1,0,,6,6,6,6,231,231,6,6,"",,,,,,,"",,,,,
"Madagascar","MG",2022,AFR,0,0,1,42,,21,29,0,0,0,12622,5176,250,250,1,25,1,1,1,1,1,1,1,0,0,0,,,253,253,1,253,45245,5241,238,39687,39687,32847,1,0,,6,6,6,6,231,6,6,6,"",,,,,,,"",,,,,
"Malawi","MW",2022,AFR,0,1,1,43,,67,,0,0,0,82401,4887,418,418,3,149,5,5,3,3,3,3,2,6,104,104,4250,86,29,29,1,29,1276,1276,,,,,1,1,1,230,230,230,230,230,231,230,230,"",,,,,,,"",,,,,
"Malaysia","MY",2022,WPR,0,0,1,42,,327,310000,1,1,,18922,4168,862,851,46,52,5,1,5,1,0,1,41,4,19,19,,,150,12,1,10,3312,13,12,3121,19,10,0,1,1,2,231,230,231,2,231,231,2,"",,,,,,,"",,,,,
"Maldives","MV",2022,SEA,0,0,0,0,,0,1,0,1,0,1034,41,7,0,0,7,0,0,0,0,0,0,0,0,1,1,,,,,,,,,,,,,1,0,,2,2,230,231,6,231,232,6,"",,,,,,,"",,,,,
"Mali","ML",2022,AFR,0,0,1,0,,9,,0,1,0,11489,2964,87,87,3,35,1,1,0,0,0,0,0,2,1,0,,,83,83,1,56,5750,1163,83,1163,768,213,1,1,1,232,230,230,231,230,230,230,231,"",,,,,,,"",,,,,
"Malta","MT",2022,EUR,1,0,0,42,,,,1,1,,37,36,1,1,1,1,1,1,1,1,1,,,,1,1,,,,,,,,,,,,,1,0,,6,6,6,6,6,6,6,6,"Ministry of Health",,,,,,,"",,,,,
"Marshall Islands","MH",2022,WPR,0,0,0,,,,,,,,,,,,,,,,,,,,,,,,,,,,,,,,,,,,,,,,,,,,,,,"",,,,,,,"",,,,,
"Mauritania","MR",2022,AFR,0,0,0,42,,11,,1,1,3,,,44,44,1,7,0,0,0,0,0,0,0,44,11,0,,,,,,,,,,,,,1,1,1,2,2,2,231,231,2,2,2,"",,,,,,,"",,,,,
"Mauritius","MU",2022,AFR,1,0,0,42,,,,,,,,,,,,,,,,,,,,,,,,,,,,,,,,,,,1,1,0,231,231,231,231,231,231,231,231,"",,,,,,,"",,,,,
"Mexico","MX",2022,AMR,0,0,1,42,,363,964800,1,1,3,12127,4725,1369,1348,43,51,1,1,9,1,1,1,8,25,42,42,,,241,30,1,30,10891,172,30,118,,85,1,1,1,2,2,230,231,2,2,2,2,"",,,,,,,"",,,,,
"Micronesia (Federated States of)","FM",2022,WPR,0,0,0,42,,0,,0,1,0,43,24,4,0,0,4,0,0,0,0,0,0,0,1,3,3,,,,,,,,,,,,,0,0,,2,2,230,2,6,6,230,2,"",,,,,,,"",,,,,
"Monaco","MC",2022,EUR,1,0,0,,,,,,,,,,,,,,,,,,,,,,,,,,,,,,,,,,,,,,,,,,,,,,,"",,,,,,,"",,,,,
"Mongolia","MN",2022,WPR,0,0,1,44,,30,58700,1,1,0,23677,1473,41,38,3,41,1,1,1,1,0,0,5,36,41,0,,,33,29,1,29,2794,466,29,2801,1806,1159,1,1,1,230,230,230,231,231,232,231,230,"",1,1,1,1,1,1,"",1,1,1,1,1
"Montenegro","ME",2022,EUR,1,0,0,42,,,,1,1,,600,66,1,1,1,1,0,0,0,0,0,0,0,1,1,0,,,,,,,,,,,,,0,0,,6,6,6,6,6,6,6,6,"",,,,,,,"",,,,,
"Montserrat","MS",2022,AMR,1,0,0,,,,,,,,,,,,,,,,,,,,,,,,,,,,,,,,,,,,,,,,,,,,,,,"",,,,,,,"",,,,,
"Morocco","MA",2022,EMR,0,1,0,43,,60,70558,1,1,0,26894,6944,115,115,18,86,20,20,1,2,0,0,0,1,0,10,,,,,,,,,,,,,1,0,,2,2,230,2,2,2,2,2,"",,,,,,,"",,,,,
"Mozambique","MZ",2022,AFR,0,0,1,44,,308,59264,0,0,0,274099,28784,462,462,2,184,2,2,2,2,2,0,2,0,2,184,,,718,718,1,625,105672,47485,625,97094,22719,15276,1,0,,6,6,230,6,230,232,6,6,"",1,1,1,1,0,0,"",1,1,1,1,1
"Myanmar","MM",2022,SEA,0,1,1,44,,,,0,0,0,109555,45455,295,295,1,71,16,16,0,0,0,0,0,1,1,69,37669,1323,330,200,1,200,88965,16967,200,54482,11753,10225,0,0,,6,231,230,6,6,6,6,6,"",0,,,,,,"",0,0,0,0,0
"Namibia","NA",2022,AFR,0,0,1,42,,32,14333,0,0,0,44735,5504,35,35,1,35,1,1,0,1,0,0,11,24,35,0,,,36,36,1,36,8620,,36,6864,6301,,1,1,1,6,231,6,6,6,232,232,6,"The following ministries regularly participate in the multi-sectoral engagement:
- Min. of Home affairs Safety and Security
- Office of the Prime Minister
- Min. of Gender
- PEPFAR/USG Agencies
- UN Agencies
- Global Fund
",1,1,1,1,0,1,"",0,0,0,0,0
"Nauru","NR",2022,WPR,1,0,0,,,,,,,,,,,,,,,,,,,,,,,,,,,,,,,,,,,,,,,,,,,,,,,"",,,,,,,"",,,,,
"Nepal","NP",2022,SEA,0,1,1,44,,,,0,1,0,151865,21623,989,896,2,93,2,2,2,2,1,1,2,93,93,93,12041,,753,183,0,,,,,,,,1,0,,6,6,230,232,6,6,231,6,"",,,,,,,"",,,,,
"Netherlands (Kingdom of the)","NL",2022,EUR,1,0,0,42,,,,1,1,3,,,30,,30,,,,,1,1,1,,,,,,,,,,,,,,,,,1,1,1,6,231,6,6,231,6,6,6,"",,,,,,,"",,,,,
"New Caledonia","NC",2022,WPR,1,0,0,,,,,,,,,,,,,,,,,,,,,,,,,,,,,,,,,,,,,,,,,,,,,,,"",,,,,,,"",,,,,
"New Zealand","NZ",2022,WPR,1,0,0,42,,,,,,,,,,,,,,,,,,,,,,,,,,,,,,,,,,,0,0,,2,2,2,2,2,2,2,2,"",,,,,,,"",,,,,
"Nicaragua","NI",2022,AMR,0,0,1,42,,28,,,,,,,,,,,,,,,,,,,,,,,,,,,,,,,,,,,,,,,,,,,,"",,,,,,,"",,,,,
"Niger","NE",2022,AFR,0,0,1,0,,,,0,0,0,2489,134,292,264,1,,1,1,0,1,,0,,1,,,,,72,72,1,72,14423,2675,,11552,,10794,1,1,1,,,,,,,,,"",,,,,,,"",,,,,
"Nigeria","NG",2022,AFR,0,1,1,0,,,,0,0,0,,,,,,,,,,,,,,,,,69504,1211,774,774,1,747,282184,122933,774,,,,1,0,,230,231,230,230,6,230,6,230,"Other Ministry/sector engaged include Federal Ministry of Women Affairs and Social Development; Nigeria Correctional Services; National Health Insurance Scheme (NHIS); National Primary Health Care Development Agency",0,,,,,,"",0,0,0,1,1
"Niue","NU",2022,WPR,1,0,0,,,,,,,,,,,,,,,,,,,,,,,,,,,,,,,,,,,,,,,,,,,,,,,"",,,,,,,"",,,,,
"North Macedonia","MK",2022,EUR,1,0,0,42,,,,1,1,0,1084,125,7,6,3,2,1,1,0,0,0,0,0,1,1,0,,,,,,,,,,,,,1,1,0,6,6,6,6,231,6,6,6,"",,,,,,,"",,,,,
"Northern Mariana Islands","MP",2022,WPR,1,0,0,42,,,,,,,,,,,,,,,,,,,,,,,,,,,,,,,,,,,0,1,1,6,6,231,6,231,6,6,6,"",,,,,,,"",,,,,
"Norway","NO",2022,EUR,1,0,0,42,,,,1,1,0,,,13,13,8,9,4,1,3,1,1,1,,,13,9,,,,,,,,,,,,,1,0,,6,6,6,6,232,6,232,6,"",,,,,,,"",,,,,
"occupied Palestinian territory, including east Jerusalem","PS",2022,EMR,0,0,0,42,,0,19,,1,,13,13,16,13,2,13,0,0,0,0,0,0,5,11,13,0,,,,,,,,,,,,,1,1,0,6,6,6,6,6,6,6,6,"",,,,,,,"",,,,,
"Oman","OM",2022,EMR,1,0,0,42,,,,,,,,,,,,,,,,,,,,,,,,,,,,,,,,,,,1,1,0,2,231,230,232,230,231,230,6,"",,,,,,,"",,,,,
"Pakistan","PK",2022,EMR,0,1,1,,,,,,,,,,,,,,,,,,,,,,,,,,,,,,,,,,,,,,,,,,,,,,,"",,,,,,,"",,,,,
"Palau","PW",2022,WPR,1,0,0,42,,,,,,,,,,,,,,,,,,,,,,,,,,,,,,,,,,,1,0,,6,6,6,6,6,6,6,6,"",,,,,,,"",,,,,
"Panama","PA",2022,AMR,0,0,0,42,,0,98000,1,1,0,6043,1048,60,55,12,30,2,1,1,1,0,0,2,3,30,0,,,,,,,,,,,,,1,1,1,2,2,230,230,2,232,232,2,"",,,,,,,"",,,,,
"Papua New Guinea","PG",2022,WPR,0,0,1,0,,,18929,0,0,0,45664,15000,105,57,0,48,1,1,0,0,0,0,0,1,0,48,,,257,18,1,18,8751,5210,18,7654,7072,2912,1,0,,6,6,6,6,6,6,6,6,"",0,,,,,,"",1,1,1,1,1
"Paraguay","PY",2022,AMR,0,0,1,42,,33,58384,1,1,3,22772,2583,90,90,14,25,1,1,0,1,1,1,0,0,89,25,,,19,19,1,19,497,259,18,246,,,0,1,1,232,231,230,231,231,2,232,2,"En cuanto al informe anual, actualmente estamos trabajando en producir un informe anual epidemiológico, que pronto saldrá para su distribución.
En lo que respecta a Revisión y rendición de cuentas, en el 2018 se conformó un comité interinstitucional",,,,,,,"",,,,,
"Peru","PE",2022,AMR,0,0,1,42,,349,403848,1,1,0,44694,8529,2191,2191,83,39,6,1,3,3,1,1,1,0,141,39,,,29,29,0,,,,,,,,0,0,,6,231,230,232,231,231,232,6,"5.1 Se realiza un informe pero no es público",,,,,,,"",,,,,
"Philippines","PH",2022,WPR,0,1,1,,,,,,,,,,,,,,,,,,,,,,,,,,,,,,,,,,,,,,,,,,,,,,,"",,,,,,,"",,,,,
"Poland","PL",2022,EUR,1,0,0,42,,,,1,1,0,,,53,53,53,36,14,12,20,2,1,1,0,0,53,25,,,,,,,,,,,,,,,,,,,,,,,,"",,,,,,,"",,,,,
"Portugal","PT",2022,EUR,1,0,0,42,,,,1,1,0,201,14,45,45,41,14,15,6,19,1,1,1,,,,,,,,,,,,,,,,,1,1,1,6,6,6,6,231,232,232,6,"The Ministry of Health and the Directorate General of Health (includes the NTP) articulates with the others Ministries in order to provide TB patient support in several areas, such as occupational services, social support, sick leave, migrants",,,,,,,"",,,,,
"Puerto Rico","PR",2022,AMR,1,0,0,42,,,,1,1,0,54,12,1,1,1,1,1,0,0,0,0,0,0,0,1,0,,,,,,,,,,,,,1,1,0,2,2,2,2,2,231,2,2,"",,,,,,,"",,,,,
"Qatar","QA",2022,EMR,1,0,0,0,,,,,,,,,,,,,,,,,,,,,,,,,,,,,,,,,,,0,0,,2,2,2,2,2,2,2,2,"",,,,,,,"",,,,,
"Republic of Korea","KR",2022,WPR,0,1,0,42,,136,798997,1,1,0,42601,17012,460,460,128,77,38,0,2,5,1,2,2,,,,0,0,,,,,,,,,,,1,0,,6,231,231,230,231,231,232,6,"- Ministry of Science invests in tuberculosis R&D.
- Ministry of Foreign Affairs supports financially tuberculosis-related health agencies.",,,,,,,"",,,,,
"Republic of Moldova","MD",2022,EUR,0,0,1,42,,6,61079,1,1,0,20384,2411,57,57,4,57,4,4,4,4,4,4,1,3,57,57,,,59,59,1,59,2121,1378,57,1851,1851,1314,1,1,1,230,230,230,232,230,230,230,230,"",,,,,,,"",,,,,
"Romania","RO",2022,EUR,0,0,0,42,,64,369004,1,1,1,24191,,88,88,85,57,22,22,1,3,1,1,29,56,57,57,,,,,,,,,,,,,1,1,1,6,231,6,232,6,232,232,6,"",,,,,,,"",,,,,
"Russian Federation","RU",2022,EUR,0,0,0,42,,18,23156,1,1,1,454390,79914,4887,4887,313,216,,,94,136,64,83,1,41,,0,,,,,,,,,,,,,1,1,0,230,231,230,2,231,231,232,6,"Минатом - профилактика и лечение ТБ",,,,,,,"",,,,,
"Rwanda","RW",2022,AFR,0,0,1,42,,53,26651,0,1,,76682,2942,206,206,3,67,3,1,1,1,0,0,1,,49,49,,,563,514,1,514,6981,1907,514,5216,1559,1415,1,0,,2,231,6,232,231,2,232,2,"",,,,,,,"",,,,,
"Saint Kitts and Nevis","KN",2022,AMR,1,0,0,,,,,,,,,,,,,,,,,,,,,,,,,,,,,,,,,,,,,,,,,,,,,,,"",,,,,,,"",,,,,
"Saint Lucia","LC",2022,AMR,1,0,0,0,,,,0,1,0,118,2,1,1,0,1,0,0,0,0,0,0,0,1,1,1,,,,,,,,,,,,,0,0,,6,6,6,6,6,6,232,6,"",,,,,,,"",,,,,
"Saint Vincent and the Grenadines","VC",2022,AMR,1,0,0,42,,,,1,1,0,37,5,1,1,0,1,0,0,0,0,0,0,1,0,1,1,,,,,,,,,,,,,0,0,,6,6,6,6,6,6,232,6,"",,,,,,,"",,,,,
"Samoa","WS",2022,WPR,1,0,0,,,,,,,,,,,,,,,,,,,,,,,,,,,,,,,,,,,,,,,,,,,,,,,"",,,,,,,"",,,,,
"San Marino","SM",2022,EUR,1,0,0,,,,,,,,,,,,,,,,,,,,,,,,,,,,,,,,,,,,,,,,,,,,,,,"",,,,,,,"",,,,,
"Sao Tome and Principe","ST",2022,AFR,0,0,1,,,,,,,,,,,,,,,,,,,,,,,,,,,,,,,,,,,,,,,,,,,,,,,"",,,,,,,"",,,,,
"Saudi Arabia","SA",2022,EMR,1,0,0,42,,,,,,,,,,,,,,,,,,,,,,,,,,,,,,,,,,,1,0,,231,231,230,232,232,232,232,6,"",,,,,,,"",,,,,
"Senegal","SN",2022,AFR,0,0,1,43,,,,0,0,0,38689,9331,147,147,3,50,1,1,0,0,0,0,1,21,0,0,,,98,98,1,98,14053,2966,98,13370,,,1,1,1,6,231,230,2,231,230,230,230,"",,,,,,,"",,,,,
"Serbia","RS",2022,EUR,0,0,1,42,,0,105286,1,1,0,56,13,30,30,28,3,1,1,1,0,0,0,2,2,28,,,,24,6,1,6,12,12,1,,2,2,1,0,,6,6,230,6,231,6,6,6,"",,,,,,,"",,,,,
"Seychelles","SC",2022,AFR,1,0,0,42,,,,,,,,,,,,,,,,,,,,,,,,,,,,,,,,,,,1,0,,6,6,230,231,6,6,232,232,"",,,,,,,"",,,,,
"Sierra Leone","SL",2022,AFR,0,0,1,43,,,,,,,,,,,,,,,,,,,,,,,,,,,,,,,,,,,,,,,,,,,,,,"",,,,,,,"",,,,,
"Singapore","SG",2022,WPR,1,0,0,42,,,,,,,,,,,,,,,,,,,,,,,,,,,,,,,,,,,1,0,,2,2,2,2,2,2,2,2,"",,,,,,,"",,,,,
"Sint Maarten (Dutch part)","SX",2022,AMR,1,0,0,0,,,,0,0,0,0,0,2,2,2,,,,,,,,1,0,1,1,,,,,,,,,,,,,0,0,,6,6,6,6,6,6,6,6,"",,,,,,,"",,,,,
"Slovakia","SK",2022,EUR,1,0,0,42,,,,1,1,0,1600,105,7,7,3,1,1,1,1,1,0,0,1,2,3,1,,,,,,,,,,,,,1,1,1,230,231,230,6,231,232,6,6,"",,,,,,,"",,,,,
"Slovenia","SI",2022,EUR,1,0,0,42,,,,1,1,0,1594,77,4,2,2,2,1,1,1,1,1,1,1,1,2,2,,,,,,,,,,,,,1,1,1,230,230,230,230,230,230,230,230,"",,,,,,,"",,,,,
"Solomon Islands","SB",2022,WPR,0,0,0,,,,,,,,,,,,,,,,,,,,,,,,,,,,,,,,,,,,,,,,,,,,,,,"",,,,,,,"",,,,,
"Somalia","SO",2022,EMR,0,1,1,43,,0,1100,0,0,0,65855,6687,106,106,2,53,2,2,0,2,0,0,0,2,2,0,2851,,108,18,1,18,3402,381,,,,,0,0,,6,6,6,6,6,6,6,6,"Although there are consultations that are ongoing with the authorities to establish a multisectoral accountability framework, the political situation in the country is delaying the formation of the committee.",,,,,,,"",,,,,
"South Africa","ZA",2022,AFR,0,1,0,43,,,,0,1,0,,,,,,,,,,,,,,,,,,,,,,,,,,,,,1,1,1,,,230,,,,,,"",,,,,,,"",,,,,0
"South Sudan","SS",2022,AFR,0,0,0,42,,0,1267,0,0,0,18197,4723,205,205,0,2,0,0,0,0,0,0,0,0,39,0,,,,,,,,,,,,,1,1,0,6,6,231,6,6,6,6,6,"",,,,,,,"",,,,,
"Spain","ES",2022,EUR,1,0,0,,,,,,,,,,,,,,,,,,,,,,,,,,,,,,,,,,,,,,,,,,,,,,,"",,,,,,,"",,,,,
"Sri Lanka","LK",2022,SEA,0,1,1,42,,37,121500,1,1,0,9718,787,250,216,5,29,1,1,0,0,0,0,0,1,0,0,717,5268,26,26,1,26,8109,1,26,6771,6771,5373,1,1,1,231,231,230,232,6,230,232,230,"",,,,,,,"",,,,,
"Sudan","SD",2022,EMR,0,1,0,,,,,,,,,,,,,,,,,,,,,,,,,,,,,,,,,,,,,,,,,,,,,,,"",,,,,,,"",,,,,
"Suriname","SR",2022,AMR,0,0,0,42,,,,0,1,0,1320,111,3,2,1,3,1,1,0,0,0,0,,,0,0,,,,,,,,,,,,,1,0,,6,6,6,6,6,6,232,6,"",,,,,,,"",,,,,
"Sweden","SE",2022,EUR,1,0,0,42,,,,1,1,3,,,5,4,4,,4,4,5,3,1,1,5,0,5,,,,,,,,,,,,,,1,0,,6,6,6,6,6,6,6,6,"",,,,,,,"",,,,,
"Switzerland","CH",2022,EUR,1,0,0,42,,,,1,1,3,338,72,54,30,21,54,5,3,8,3,1,1,,,,,,,,,,,,,,,,,1,0,,6,6,6,6,6,6,6,6,"",,,,,,,"",,,,,
"Syrian Arab Republic","SY",2022,EMR,0,0,0,42,,0,128,0,0,0,2528,481,26,26,4,4,1,1,0,1,0,0,0,1,16,4,,,,,,,,,,,,,1,0,,230,231,231,6,231,231,2,6,"",,,,,,,"",,,,,
"Tajikistan","TJ",2022,EUR,0,0,0,42,,43,109945,1,1,0,60389,5077,84,84,6,59,6,6,1,1,1,1,0,1,84,0,,,,,,,,,,,,,0,1,1,6,6,230,232,232,232,6,6,"",,,,,,,"",,,,,
"Thailand","TH",2022,SEA,0,1,0,42,,424,577397,1,1,0,211899,36062,1363,1363,54,162,38,38,3,14,2,2,125,1238,1201,162,5966,6294,,,,,,,,,,,1,1,0,6,231,230,2,,232,232,,"Ministry of Interior",1,1,1,1,1,1,"",1,1,1,1,1
"Timor-Leste","TL",2022,SEA,0,0,1,44,,,,0,0,0,22826,2328,75,75,1,1,1,0,0,0,0,0,0,1,0,0,,,0,0,0,,,,,,,,0,0,,2,2,2,2,2,2,2,2,"",,,,,,,"",,,,,
"Togo","TG",2022,AFR,0,0,1,43,,,,0,1,0,21797,2595,168,118,1,50,1,1,1,0,0,0,0,1,1,10,,,90,90,1,90,,357,90,2490,2050,560,0,0,,6,6,6,231,231,6,232,6,"",,,,,,,"",,,,,
"Tokelau","TK",2022,WPR,1,0,0,,,,,,,,,,,,,,,,,,,,,,,,,,,,,,,,,,,,,,,,,,,,,,,"",,,,,,,"",,,,,
"Tonga","TO",2022,WPR,1,0,0,42,,,,,,,,,,,,,,,,,,,,,,,,,,,,,,,,,,,1,1,1,6,230,230,6,6,6,6,6,"",,,,,,,"",,,,,
"Trinidad and Tobago","TT",2022,AMR,1,0,0,0,,,,,1,,91,63,5,4,0,3,0,0,0,0,0,0,0,0,0,0,,,,,,,,,,,,,1,1,1,6,231,231,231,232,231,6,231,"",,,,,,,"",,,,,
"Tunisia","TN",2022,EMR,0,0,0,0,,,,0,1,0,,,75,65,10,3,1,1,1,1,0,0,,,,,,,,,,,,,,,,,1,1,1,230,230,6,231,232,231,2,2,"",,,,,,,"",,,,,
"Türkiye","TR",2022,EUR,0,0,0,,,,,,,,,,,,,,,,,,,,,,,,,,,,,,,,,,,,,,,,,,,,,,,"",,,,,,,"",,,,,
"Turkmenistan","TM",2022,EUR,0,0,0,42,,0,2060,0,1,0,12098,3200,74,74,66,10,6,6,6,6,6,6,0,6,6,0,,,,,,,,,,,,,0,1,1,230,230,230,230,230,230,232,230,"",,,,,,,"",,,,,
"Turks and Caicos Islands","TC",2022,AMR,1,0,0,,,,,,,,,,,,,,,,,,,,,,,,,,,,,,,,,,,,,,,,,,,,,,,"",,,,,,,"",,,,,
"Tuvalu","TV",2022,WPR,1,0,0,,,,,,,,,,,,,,,,,,,,,,,,,,,,,,,,,,,,,,,,,,,,,,,"",,,,,,,"",,,,,
"Uganda","UG",2022,AFR,0,0,1,43,,270,184354,1,0,0,925849,38902,1841,1657,5,348,3,3,1,1,1,1,55,1353,35,260,,,146,146,1,146,94399,21264,146,74704,74704,65434,1,1,1,230,231,231,230,231,232,230,230,"Defense: Entry and continuous TB Screening, Monthly Health Talk which includes TB, TB Treatment
Education: issued a circular on TB Control prevention  to all institutions
Justice: Developed Policies on Handling of Prisoners, integrated Video confer",0,,,,,,"",1,1,1,1,1
"Ukraine","UA",2022,EUR,0,0,1,,,175,507363,1,1,0,84295,13066,380,142,26,238,28,28,25,25,25,25,0,3,28,0,,,25,25,1,25,18510,18337,25,19645,14881,11493,,,,,,,,,,,,"",,,,,,,"",,,,,
"United Arab Emirates","AE",2022,EMR,1,0,0,44,,,,,,,,,,,,,,,,,,,,,,,,,,,,,,,,,,,0,0,,2,2,2,2,2,2,2,2,"",,,,,,,"",,,,,
"United Kingdom of Great Britain and Northern Ireland","GB",2022,EUR,1,0,0,,,,,,,,,,,,,,,,,,,,,,,,,,,,,,,,,,,,,,,,,,,,,,,"",,,,,,,"",,,,,
"United Republic of Tanzania","TZ",2022,AFR,0,1,1,42,,417,99703,0,0,0,165256,21363,1773,1773,6,304,5,5,3,1,1,1,35,45,6,289,14755,,218,218,1,218,100100,40415,218,85813,85813,82496,1,1,1,230,230,230,230,230,230,232,230,"",1,1,1,1,1,1,"",1,1,1,1,1
"United States of America","US",2022,AMR,1,0,0,42,,,,1,1,3,,,,,,40,2,2,59,10,1,3,,,58,39,,,,,,,,,,,,,1,0,,2,2,2,2,2,2,2,2,"",,,,,,,"",,,,,
"Uruguay","UY",2022,AMR,0,0,0,42,,19,58968,1,1,0,6399,633,56,56,2,21,1,1,0,0,0,0,1,0,56,0,,,,,,,,,,,,,1,0,,2,2,230,232,2,2,232,2,"",,,,,,,"",,,,,
"Uzbekistan","UZ",2022,EUR,0,0,1,,,,,,,,,,,,,,,,,,,,,,,,,,,,,,,,,,,,,,,,,,,,,,,"",,,,,,,"",,,,,
"Vanuatu","VU",2022,WPR,0,0,1,44,,0,30,0,1,0,0,0,6,6,0,6,6,0,0,0,0,0,0,0,0,0,,,6,6,0,,,,,,,,0,0,,6,6,6,6,6,230,6,6,"",,,,,,,"",,,,,
"Venezuela (Bolivarian Republic of)","VE",2022,AMR,0,0,1,44,,174,255000,1,1,1,3148,1569,493,407,18,14,1,1,0,1,0,0,0,0,0,0,,,576,98,1,98,342,132,0,0,0,0,1,1,1,6,231,231,6,232,6,2,6,"Es de resaltar que el MPP Educacion imparte educación en salud en las aulas, apoya en las labores informativas y adicionalmente a traves del IPASME contribuye en la localización y diagnóstico de casos de TB",,,,,,,"",,,,,
"Viet Nam","VN",2022,WPR,0,1,1,44,,,,1,1,0,346000,77709,986,981,34,171,75,291,4,4,2,1,8,,,,9956,15521,885,885,1,855,102437,,855,78935,,,1,1,1,6,231,230,6,6,232,232,6,"",0,,,,,,"",0,0,0,0,0
"Wallis and Futuna Islands","WF",2022,WPR,1,0,0,,,,,,,,,,,,,,,,,,,,,,,,,,,,,,,,,,,,,,,,,,,,,,,"",,,,,,,"",,,,,
"Yemen","YE",2022,EMR,0,0,0,0,,1,700,0,1,0,3044,1200,279,279,1,8,1,1,0,1,0,0,,,0,8,,,,,,,,,,,,,1,0,,2,231,2,231,2,2,2,2,"",,,,,,,"",,,,,
"Zambia","ZM",2022,AFR,0,0,1,43,,267,,0,0,0,355455,17712,520,176,3,344,3,3,0,3,3,3,8,47,174,174,,,116,116,1,116,54127,5516,116,50825,50825,46161,1,1,1,230,231,230,230,230,230,230,230,"",1,1,1,1,1,1,"Nutritional support and transport refund was given to patients with Drug Resistant TB; however, the project that provided support of these activities closed out",1,1,3,1,1
"Zimbabwe","ZW",2022,AFR,0,0,1,0,,497,52000,0,0,0,100092,10114,250,220,2,164,8,8,2,2,2,2,8,20,3,3,,,220,220,1,220,18551,2775,220,16576,10385,,1,1,1,232,231,230,232,231,6,232,6,"",,,,,,,"",,,,,
